Categoria,Codigo
Eolica,ADXVD04
Eolica,CEVD053
Eolica,CEVD054
Eolica,CEVD209
Eolica,CEVD234
Eolica,CEVD266
Eolica,CEVD279
Eolica,CEVD281
Eolica,CEVD282
Eolica,CEVD283
Eolica,CEVD284
Eolica,CEVD287
Eolica,CEVD289
Eolica,CEVD302
Eolica,CEVD307
Eolica,CEVD308
Eolica,CEVD309
Eolica,CEVD328
Eolica,CEVD329
Eolica,CEVD331
Eolica,CEVD332
Eolica,CEVD335
Eolica,CEVD350
Eolica,CEVD351
Eolica,CEVD352
Eolica,CEVD358
Eolica,CEVD359
Eolica,CEVD360
Eolica,CEVD361
Eolica,CEVD366
Eolica,CEVD375
Eolica,CEVD376
Eolica,CEVD377
Eolica,CEVD378
Eolica,CEVD379
Eolica,CEVD380
Eolica,CEVD381
Eolica,CEVD383
Eolica,CEVD392
Eolica,CEVD398
Eolica,CEVD399
Eolica,CEVD450
Eolica,DETVD32
Eolica,EBLCVD3
Eolica,EBLCVD4
Eolica,EBLCVD6
Eolica,EBLCVD7
Eolica,EBLCVD8
Eolica,EBLCVD9
Eolica,EBLVD10
Eolica,EBLVD11
Eolica,EBLVD12
Eolica,EBLVD13
Eolica,EBLVD14
Eolica,EBLVD15
Eolica,EBLVD16
Eolica,EBLVD17
Eolica,EBLVD20
Eolica,EBLVD21
Eolica,EBLVD22
Eolica,EBLVD23
Eolica,EBLVD24
Eolica,EBLVD25
Eolica,EBLVD35
Eolica,EBLVD36
Eolica,EBLVD40
Eolica,EBLVD41
Eolica,EBLVD42
Eolica,EBLVD43
Eolica,EBLVD44
Eolica,EBLVD45
Eolica,EBLVD46
Eolica,EBLVD47
Eolica,EBLVD48
Eolica,EBLVD49
Eolica,EBLVD50
Eolica,EBLVD51
Eolica,EBLVD52
Eolica,EBLVD53
Eolica,EBLVD54
Eolica,EBLVD55
Eolica,EBLVD56
Eolica,EBLVD57
Eolica,EBLVD58
Eolica,EBLVD59
Eolica,EBLVD60
Eolica,EBLVD62
Eolica,ECYRRE1
Eolica,EDRE012
Eolica,EDRE013
Eolica,EDRE014
Eolica,EDRE015
Eolica,EDRE016
Eolica,EDRE017
Eolica,EDRE018
Eolica,EDRE019
Eolica,EDRE020
Eolica,EDRE021
Eolica,EDRE022
Eolica,EDRE027
Eolica,EDRE029
Eolica,EFGVD11
Eolica,EFGVD12
Eolica,EGEDRE1
Eolica,EGEDRE2
Eolica,EGEDRE3
Eolica,EGEDRE4
Eolica,EGEDRE5
Eolica,EGEDRE6
Eolica,EGEDRE9
Eolica,EGEDVD3
Eolica,EGEDVD4
Eolica,EGPM003
Eolica,EGPRE02
Eolica,EGPRE21
Eolica,EGPRE22
Eolica,EGPRE27
Eolica,EGPRE28
Eolica,EGPRE29
Eolica,EGVD003
Eolica,EGVD024
Eolica,EGVD051
Eolica,EGVD052
Eolica,EGVD053
Eolica,EGVD055
Eolica,EGVD056
Eolica,EGVD058
Eolica,EGVD059
Eolica,EGVD060
Eolica,EGVD064
Eolica,EGVD065
Eolica,EGVD068
Eolica,EGVD074
Eolica,EGVD075
Eolica,EGVD076
Eolica,EGVD077
Eolica,EGVD083
Eolica,EGVD085
Eolica,EGVD086
Eolica,EGVD087
Eolica,EGVD088
Eolica,EGVD089
Eolica,EGVD092
Eolica,EGVD094
Eolica,EGVD095
Eolica,EGVD096
Eolica,EGVD097
Eolica,EGVD098
Eolica,EGVD099
Eolica,EGVD100
Eolica,EGVD114
Eolica,EGVD115
Eolica,EGVD138
Eolica,EGVD156
Eolica,EGVD183
Eolica,EGVD192
Eolica,EGVD206
Eolica,EGVD210
Eolica,EGVD212
Eolica,EGVD219
Eolica,EGVD223
Eolica,EGVD224
Eolica,EGVD225
Eolica,EGVD226
Eolica,EGVD227
Eolica,EGVD232
Eolica,EGVD234
Eolica,EGVD238
Eolica,EGVD246
Eolica,EGVD248
Eolica,EGVD255
Eolica,EGVD257
Eolica,EGVD258
Eolica,EGVD264
Eolica,EGVD265
Eolica,EGVD288
Eolica,EGVD289
Eolica,EGVD290
Eolica,EGVD291
Eolica,EGVD292
Eolica,EGVD293
Eolica,EGVD366
Eolica,EGVD372
Eolica,EGVD379
Eolica,EGVD381
Eolica,EGVD386
Eolica,EGVD394
Eolica,EGVD408
Eolica,EGVD410
Eolica,EGVD413
Eolica,EGVD454
Eolica,EGVD455
Eolica,EGVD466
Eolica,EGVD467
Eolica,EGVD471
Eolica,EGVD473
Eolica,EGVD478
Eolica,EGVD489
Eolica,EGVD492
Eolica,EGVD501
Eolica,EOUVD01
Eolica,EOUVD07
Eolica,E21VD01
Eolica,E21VD11
Eolica,FENVD03
Eolica,FENVD06
Eolica,GALVD34
Eolica,GALVD35
Eolica,GALVD36
Eolica,GALVD38
Eolica,GALVD39
Eolica,GALVD40
Eolica,GALVD41
Eolica,GALVD42
Eolica,GASNVD6
Eolica,GASNVD9
Eolica,GASVD11
Eolica,GASVD12
Eolica,GASVD17
Eolica,GESTVD6
Eolica,GESVD18
Eolica,GNSUVD4
Eolica,GNVD130
Eolica,GNVD132
Eolica,GNVD158
Eolica,GNVD169
Eolica,GNVD195
Eolica,GNVD198
Eolica,GNVD200
Eolica,GNVD205
Eolica,GNVD206
Eolica,GSVD116
Eolica,GSVD117
Eolica,GSVD146
Eolica,GSVD147
Eolica,HCGVD11
Eolica,HCGVD12
Eolica,HCGVD13
Eolica,HCGVD14
Eolica,HCGVD19
Eolica,HISVD15
Eolica,HISVD16
Eolica,HISVD17
Eolica,HISVD18
Eolica,HISVD27
Eolica,HISVD28
Eolica,HISVD44
Eolica,HISVD46
Eolica,HISVD47
Eolica,HISVD51
Eolica,HISVD59
Eolica,HURVD01
Eolica,HURVD07
Eolica,IBEVD11
Eolica,IBEVD26
Eolica,ICUVD02
Eolica,ICUVD09
Eolica,IGNVD63
Eolica,IGNVD64
Eolica,IGNVD65
Eolica,IGNVD66
Eolica,IGNVD67
Eolica,IGNVD68
Eolica,IGNVD73
Eolica,IGNVD74
Eolica,IGNVD75
Eolica,IGNVD78
Eolica,IGNVD79
Eolica,IGNVD80
Eolica,IGNVD81
Eolica,IGNVD82
Eolica,IGVD106
Eolica,IGVD107
Eolica,IGVD108
Eolica,IGVD109
Eolica,IGVD110
Eolica,IGVD111
Eolica,IGVD112
Eolica,IGVD129
Eolica,IGVD130
Eolica,IGVD131
Eolica,IGVD153
Eolica,IGVD154
Eolica,IGVD155
Eolica,IGVD165
Eolica,IGVD175
Eolica,IGVD176
Eolica,IGVD177
Eolica,IGVD178
Eolica,IGVD179
Eolica,IGVD180
Eolica,IGVD181
Eolica,IGVD182
Eolica,IGVD183
Eolica,IGVD197
Eolica,IGVD203
Eolica,IGVD204
Eolica,NEXVD11
Eolica,NEXVD46
Eolica,NEXVD52
Eolica,NEXVD85
Eolica,NXVD100
Eolica,NXVD108
Eolica,NXVD114
Eolica,NXVD117
Eolica,NXVD126
Eolica,NXVD152
Eolica,NXVD162
Eolica,NXVD163
Eolica,NXVD164
Eolica,NXVD165
Eolica,NXVD166
Eolica,NXVD167
Eolica,NXVD168
Eolica,NXVD169
Eolica,NXVD170
Eolica,NXVD171
Eolica,NXVD172
Eolica,NXVD173
Eolica,NXVD174
Eolica,NXVD175
Eolica,NXVD218
Eolica,NXVD219
Eolica,NXVD226
Eolica,NXVD227
Eolica,NXVD228
Eolica,NXVD229
Eolica,NXVD230
Eolica,NXVD231
Eolica,NXVD232
Eolica,NXVD233
Eolica,NXVD234
Eolica,NXVD235
Eolica,NXVD236
Eolica,NXVD237
Eolica,NXVD238
Eolica,NXVD308
Eolica,NXVD309
Eolica,NXVD310
Eolica,NXVD311
Eolica,NXVD312
Eolica,NXVD313
Eolica,NXVD314
Eolica,NXVD315
Eolica,NXVD316
Eolica,NXVD397
Eolica,RSEVD04
Eolica,SEDVD06
Eolica,SESVD03
Eolica,TOTRE03
Eolica,VGERE12
Eolica,VGERE33
Eolica,VGERE39
Eolica,VGERE42
Eolica,VGERE45
Eolica,VGERE46
Eolica,VGERE47
Eolica,VGERE48
Eolica,VGERE49
Eolica,VGERE51
Eolica,WINRE01
Eolica,WMVD087
Eolica,WMVD088
Eolica,WMVD090
Eolica,WMVD101
Eolica,WMVD124
Eolica,WMVD145
Eolica,WMVD147
Eolica,WMVD186
Eolica,WMVD189
Eolica,WMVD193
Eolica,WMVD204
Eolica,WMVD207
Eolica,WMVD212
Solar,ADXRE01
Solar,ADXRE02
Solar,ADXRE03
Solar,ADXRE04
Solar,ADXRE05
Solar,ADXRE06
Solar,ADXRE07
Solar,ADXRE08
Solar,ADXRE09
Solar,ADXRE10
Solar,ADXRE11
Solar,ADXVD03
Solar,ADXVD05
Solar,AGENVD2
Solar,AGRRE02
Solar,AIRVD01
Solar,AIRVD02
Solar,ALDRE01
Solar,ALDRE02
Solar,AMEVD2
Solar,ASIVD03
Solar,ASIVD06
Solar,ATLRE01
Solar,BECVD03
Solar,BNPRE01
Solar,BSGRE01
Solar,CENRE01
Solar,CESOVD1
Solar,CEVD003
Solar,CEVD214
Solar,CEVD244
Solar,CEVD249
Solar,CEVD342
Solar,CEVD343
Solar,CEVD344
Solar,CEVD345
Solar,CEVD346
Solar,CEVD347
Solar,CEVD348
Solar,CEVD353
Solar,CEVD354
Solar,CEVD356
Solar,CEVD363
Solar,CEVD368
Solar,CEVD369
Solar,CEVD371
Solar,CEVD372
Solar,CEVD373
Solar,CEVD374
Solar,CEVD384
Solar,CEVD385
Solar,CEVD386
Solar,CEVD387
Solar,CEVD395
Solar,CEVD396
Solar,CEVD397
Solar,CEVD400
Solar,CEVD401
Solar,CEVD402
Solar,CEVD415
Solar,CEVD416
Solar,CEVD417
Solar,CEVD418
Solar,CEVD419
Solar,CEVD420
Solar,CEVD421
Solar,CEVD422
Solar,CEVD423
Solar,CEVD424
Solar,CEVD425
Solar,CEVD426
Solar,CEVD427
Solar,CEVD428
Solar,CEVD429
Solar,CEVD430
Solar,CEVD431
Solar,CEVD432
Solar,CEVD433
Solar,CEVD435
Solar,CEVD436
Solar,CEVD437
Solar,CEVD438
Solar,CEVD439
Solar,CEVD440
Solar,CEVD441
Solar,CEVD442
Solar,CEVD443
Solar,CEVD444
Solar,CEVD445
Solar,CEVD448
Solar,CEVD449
Solar,CEVD451
Solar,CEVD452
Solar,CEVD453
Solar,CEVD454
Solar,CEVD455
Solar,CLIVD01
Solar,CLIVD05
Solar,CLIVD27
Solar,CLIVD48
Solar,CLIVD49
Solar,CLIVD50
Solar,CLIVD54
Solar,CLIVD60
Solar,CLIVD65
Solar,CLIVD67
Solar,CLIVD73
Solar,CLIVD74
Solar,CLIVD75
Solar,CLIVD76
Solar,CNCRE01
Solar,CYEVD01
Solar,DETVD33
Solar,DETVD34
Solar,DREVD01
Solar,DREVD02
Solar,DREVD03
Solar,DREVD04
Solar,DREVD05
Solar,DREVD06
Solar,DREVD07
Solar,DREVD08
Solar,DREVD09
Solar,DREVD10
Solar,DTVD068
Solar,EBLCVD5
Solar,EBLVD29
Solar,EBLVD31
Solar,EBLVD32
Solar,EBLVD61
Solar,EBLVD63
Solar,EBLVD64
Solar,EBLVD65
Solar,EBLVD66
Solar,EBLVD67
Solar,EBLVD68
Solar,EBLVD69
Solar,EBLVD70
Solar,EBLVD71
Solar,EBLVD72
Solar,EBLVD73
Solar,EDRE001
Solar,EDRE002
Solar,EDRE006
Solar,EDRE007
Solar,EFGVD1
Solar,EFGVD14
Solar,EFGVD15
Solar,EFGVD16
Solar,EFGVD18
Solar,EFGVD19
Solar,EFGVD3
Solar,EFGVD4
Solar,EFGVD5
Solar,EFGVD6
Solar,EFIVD01
Solar,EGPRE51
Solar,EGPRE52
Solar,EGPRE53
Solar,EGPRE55
Solar,EGPRE56
Solar,EGPRE57
Solar,EGPRE58
Solar,EGPRE59
Solar,EGPRE60
Solar,EGPRE61
Solar,EGPRE62
Solar,EGVD004
Solar,EGVD128
Solar,EGVD129
Solar,EGVD130
Solar,EGVD143
Solar,EGVD144
Solar,EGVD145
Solar,EGVD185
Solar,EGVD400
Solar,EGVD401
Solar,EGVD414
Solar,EGVD415
Solar,EGVD416
Solar,EGVD417
Solar,EGVD418
Solar,EGVD420
Solar,EGVD421
Solar,EGVD422
Solar,EGVD423
Solar,EGVD426
Solar,EGVD427
Solar,EGVD434
Solar,EGVD440
Solar,EGVD441
Solar,EGVD442
Solar,EGVD444
Solar,EGVD445
Solar,EGVD448
Solar,EGVD449
Solar,EGVD450
Solar,EGVD451
Solar,EGVD452
Solar,EGVD462
Solar,EGVD464
Solar,EGVD469
Solar,EGVD470
Solar,EGVD472
Solar,EGVD479
Solar,EGVD481
Solar,EGVD483
Solar,EGVD484
Solar,EGVD486
Solar,EGVD487
Solar,EGVD491
Solar,EGVD494
Solar,EGVD502
Solar,EGVD503
Solar,EGVD504
Solar,EGVD505
Solar,EGVD508
Solar,EGVD509
Solar,EGVD510
Solar,ELVD001
Solar,ELVD025
Solar,ELVD026
Solar,ELVD027
Solar,ELVD028
Solar,ELVD029
Solar,ELVD030
Solar,ELVD031
Solar,ELVD032
Solar,ENDGVD1
Solar,ENDRE01
Solar,ENDRE02
Solar,ENERE01
Solar,ENURE06
Solar,ENURE07
Solar,ENURE09
Solar,ENURE10
Solar,ENURE11
Solar,ENURE12
Solar,ENURE13
Solar,ENURE14
Solar,ENVD001
Solar,ENVD003
Solar,EOUVD02
Solar,EOUVD05
Solar,EOUVD08
Solar,EOUVD11
Solar,EVIRE01
Solar,EYPRE01
Solar,EYPRE04
Solar,E21VD02
Solar,E21VD05
Solar,E21VD06
Solar,E21VD12
Solar,E21VD13
Solar,FENVD01
Solar,FENVD05
Solar,FENVD07
Solar,FENVD08
Solar,FUTVD04
Solar,GACVD1
Solar,GACVD10
Solar,GACVD11
Solar,GACVD12
Solar,GACVD13
Solar,GACVD2
Solar,GACVD3
Solar,GACVD4
Solar,GACVD5
Solar,GACVD6
Solar,GACVD7
Solar,GACVD8
Solar,GACVD9
Solar,GALPVD1
Solar,GALPVD2
Solar,GALPVD3
Solar,GALPVD4
Solar,GALPVD5
Solar,GALPVD6
Solar,GALPVD7
Solar,GALPVD8
Solar,GALPVD9
Solar,GALVD10
Solar,GALVD11
Solar,GALVD12
Solar,GALVD13
Solar,GALVD14
Solar,GALVD15
Solar,GALVD16
Solar,GALVD17
Solar,GALVD18
Solar,GALVD19
Solar,GALVD20
Solar,GALVD21
Solar,GALVD22
Solar,GALVD23
Solar,GALVD24
Solar,GALVD25
Solar,GALVD29
Solar,GALVD30
Solar,GALVD31
Solar,GALVD32
Solar,GALVD33
Solar,GALVD37
Solar,GALVD43
Solar,GASVD15
Solar,GASVD16
Solar,GASVD18
Solar,GEMVD30
Solar,GENSOLF
Solar,GESTVD2
Solar,GESTVD9
Solar,GESVD10
Solar,GESVD11
Solar,GESVD13
Solar,GESVD14
Solar,GESVD15
Solar,GESVD16
Solar,GESVD17
Solar,GESVD21
Solar,GESVD22
Solar,GESVD23
Solar,GESVD24
Solar,GESVD25
Solar,GESVD26
Solar,GESVD27
Solar,GESVD30
Solar,GESVD31
Solar,GESVD32
Solar,GESVD33
Solar,GESVD34
Solar,GESVD38
Solar,GESVD40
Solar,GESVD41
Solar,GESVD42
Solar,GESVD43
Solar,GESVD45
Solar,GESVD46
Solar,GESVD48
Solar,GESVD51
Solar,GESVD54
Solar,GESVD56
Solar,GESVD57
Solar,GESVD58
Solar,GESVD59
Solar,GESVD60
Solar,GESVD61
Solar,GESVD62
Solar,GESVD63
Solar,GESVD64
Solar,GESVD65
Solar,GESVD66
Solar,GESVD67
Solar,GESVD68
Solar,GESVD69
Solar,GESVD70
Solar,GESVD71
Solar,GESVD73
Solar,GESVD76
Solar,GESVD77
Solar,GESVD78
Solar,GESVD79
Solar,GESVD80
Solar,GESVD81
Solar,GESVD82
Solar,GESVD98
Solar,GESVD99
Solar,GNRAVD1
Solar,GNRVD12
Solar,GNRVD59
Solar,GNRVD63
Solar,GNRVD68
Solar,GNRVD69
Solar,GNRVD97
Solar,GNRVD99
Solar,GNSUVD1
Solar,GNSUVD6
Solar,GNVD105
Solar,GNVD122
Solar,GNVD126
Solar,GNVD127
Solar,GNVD133
Solar,GNVD134
Solar,GNVD135
Solar,GNVD136
Solar,GNVD137
Solar,GNVD140
Solar,GNVD146
Solar,GNVD148
Solar,GNVD149
Solar,GNVD154
Solar,GNVD156
Solar,GNVD157
Solar,GNVD160
Solar,GNVD161
Solar,GNVD162
Solar,GNVD163
Solar,GNVD168
Solar,GNVD170
Solar,GNVD171
Solar,GNVD172
Solar,GNVD174
Solar,GNVD182
Solar,GNVD183
Solar,GNVD184
Solar,GNVD185
Solar,GNVD192
Solar,GNVD193
Solar,GNVD194
Solar,GNVD197
Solar,GNVD201
Solar,GNVD202
Solar,GNVD203
Solar,GNVD204
Solar,GNVD207
Solar,GNVD208
Solar,GNVD209
Solar,GNVD210
Solar,GNVD211
Solar,GNVD212
Solar,GNVD213
Solar,GNVD214
Solar,GNVD215
Solar,GNVD216
Solar,GNVD217
Solar,GNVD218
Solar,GNVD219
Solar,GNVD220
Solar,GNVD221
Solar,GNVD222
Solar,GNVD223
Solar,GNVD224
Solar,GNVD225
Solar,GNVD226
Solar,GNVD227
Solar,GNVD228
Solar,GNVD229
Solar,GNVD230
Solar,GNVD231
Solar,GNVD232
Solar,GNVD233
Solar,GOIEVD2
Solar,GSEVD01
Solar,GSLRE04
Solar,GSLRE06
Solar,GSLRE07
Solar,GSLRE08
Solar,GSLRE09
Solar,GSVD100
Solar,GSVD102
Solar,GSVD103
Solar,GSVD104
Solar,GSVD105
Solar,GSVD106
Solar,GSVD109
Solar,GSVD110
Solar,GSVD111
Solar,GSVD112
Solar,GSVD113
Solar,GSVD114
Solar,GSVD115
Solar,GSVD118
Solar,GSVD119
Solar,GSVD120
Solar,GSVD121
Solar,GSVD122
Solar,GSVD123
Solar,GSVD124
Solar,GSVD125
Solar,GSVD126
Solar,GSVD127
Solar,GSVD128
Solar,GSVD130
Solar,GSVD131
Solar,GSVD132
Solar,GSVD133
Solar,GSVD134
Solar,GSVD135
Solar,GSVD136
Solar,GSVD137
Solar,GSVD138
Solar,GSVD139
Solar,GSVD140
Solar,GSVD141
Solar,GSVD142
Solar,GSVD143
Solar,GSVD144
Solar,GSVD145
Solar,GSVD148
Solar,GSVD149
Solar,GSVD150
Solar,GSVD151
Solar,GSVD152
Solar,HAMRE01
Solar,HCGVD1
Solar,HCGVD17
Solar,HDLRE01
Solar,HELIVD1
Solar,HISVD09
Solar,HISVD11
Solar,HISVD12
Solar,HISVD21
Solar,HISVD22
Solar,HISVD23
Solar,HISVD24
Solar,HISVD25
Solar,HISVD43
Solar,HISVD45
Solar,HISVD48
Solar,HISVD52
Solar,HISVD60
Solar,HISVD61
Solar,HURVD02
Solar,HURVD05
Solar,HURVD08
Solar,HURVD11
Solar,IBEVD16
Solar,IBEVD18
Solar,IBEVD19
Solar,IBEVD21
Solar,IBEVD23
Solar,IBEVD27
Solar,IBEVD28
Solar,IBEVD29
Solar,IBEVD30
Solar,IBEVD31
Solar,IBEVD32
Solar,IBGEVD6
Solar,ICUVD04
Solar,ICUVD07
Solar,ICUVD10
Solar,ICUVD13
Solar,IGNVD40
Solar,IGNVD41
Solar,IGNVD42
Solar,IGNVD43
Solar,IGNVD44
Solar,IGNVD45
Solar,IGNVD51
Solar,IGNVD53
Solar,IGNVD54
Solar,IGNVD55
Solar,IGNVD56
Solar,IGNVD57
Solar,IGNVD60
Solar,IGNVD62
Solar,IGNVD69
Solar,IGNVD70
Solar,IGNVD71
Solar,IGNVD72
Solar,IGNVD76
Solar,IGNVD83
Solar,IGNVD97
Solar,IGNVD98
Solar,IGNVD99
Solar,IGVD100
Solar,IGVD101
Solar,IGVD105
Solar,IGVD113
Solar,IGVD117
Solar,IGVD118
Solar,IGVD126
Solar,IGVD127
Solar,IGVD128
Solar,IGVD132
Solar,IGVD133
Solar,IGVD142
Solar,IGVD145
Solar,IGVD146
Solar,IGVD147
Solar,IGVD148
Solar,IGVD149
Solar,IGVD150
Solar,IGVD151
Solar,IGVD152
Solar,IGVD156
Solar,IGVD157
Solar,IGVD158
Solar,IGVD160
Solar,IGVD161
Solar,IGVD162
Solar,IGVD168
Solar,IGVD169
Solar,IGVD170
Solar,IGVD171
Solar,IGVD172
Solar,IGVD173
Solar,IGVD184
Solar,IGVD185
Solar,IGVD186
Solar,IGVD187
Solar,IGVD188
Solar,IGVD189
Solar,IGVD190
Solar,IGVD191
Solar,IGVD192
Solar,IGVD193
Solar,IGVD194
Solar,IGVD195
Solar,IGVD196
Solar,IGVD198
Solar,IGVD199
Solar,IGVD200
Solar,IGVD201
Solar,IGVD202
Solar,IGVD205
Solar,IGVD206
Solar,IGVD207
Solar,IGVD208
Solar,IGVD209
Solar,IGVD210
Solar,IM3RE01
Solar,INERE01
Solar,ISMRE02
Solar,ISMRE03
Solar,LAUEVD2
Solar,LAUEVD5
Solar,LAURE01
Solar,LIDVD01
Solar,LMERVD2
Solar,LMRE001
Solar,LMRE005
Solar,LUMRE01
Solar,MASRE01
Solar,METRE01
Solar,MYERE01
Solar,MYERE02
Solar,NCEVD01
Solar,NEXVD03
Solar,NEXVD21
Solar,NEXVD45
Solar,NEXVD47
Solar,NEXVD53
Solar,NEXVD57
Solar,NEXVD58
Solar,NEXVD59
Solar,NEXVD60
Solar,NEXVD61
Solar,NEXVD62
Solar,NEXVD63
Solar,NEXVD64
Solar,NEXVD65
Solar,NEXVD67
Solar,NEXVD70
Solar,NEXVD71
Solar,NEXVD72
Solar,NEXVD91
Solar,NRENVD1
Solar,NXVD101
Solar,NXVD104
Solar,NXVD105
Solar,NXVD107
Solar,NXVD113
Solar,NXVD118
Solar,NXVD120
Solar,NXVD127
Solar,NXVD128
Solar,NXVD129
Solar,NXVD130
Solar,NXVD131
Solar,NXVD132
Solar,NXVD133
Solar,NXVD134
Solar,NXVD135
Solar,NXVD136
Solar,NXVD137
Solar,NXVD140
Solar,NXVD141
Solar,NXVD148
Solar,NXVD150
Solar,NXVD151
Solar,NXVD153
Solar,NXVD154
Solar,NXVD156
Solar,NXVD160
Solar,NXVD176
Solar,NXVD177
Solar,NXVD179
Solar,NXVD180
Solar,NXVD188
Solar,NXVD190
Solar,NXVD193
Solar,NXVD194
Solar,NXVD195
Solar,NXVD196
Solar,NXVD197
Solar,NXVD198
Solar,NXVD199
Solar,NXVD200
Solar,NXVD201
Solar,NXVD203
Solar,NXVD205
Solar,NXVD206
Solar,NXVD207
Solar,NXVD212
Solar,NXVD213
Solar,NXVD214
Solar,NXVD215
Solar,NXVD216
Solar,NXVD217
Solar,NXVD221
Solar,NXVD222
Solar,NXVD223
Solar,NXVD224
Solar,NXVD225
Solar,NXVD241
Solar,NXVD242
Solar,NXVD243
Solar,NXVD250
Solar,NXVD251
Solar,NXVD254
Solar,NXVD255
Solar,NXVD256
Solar,NXVD258
Solar,NXVD260
Solar,NXVD261
Solar,NXVD262
Solar,NXVD263
Solar,NXVD273
Solar,NXVD274
Solar,NXVD277
Solar,NXVD278
Solar,NXVD279
Solar,NXVD280
Solar,NXVD281
Solar,NXVD282
Solar,NXVD284
Solar,NXVD285
Solar,NXVD286
Solar,NXVD291
Solar,NXVD292
Solar,NXVD293
Solar,NXVD294
Solar,NXVD295
Solar,NXVD296
Solar,NXVD297
Solar,NXVD298
Solar,NXVD299
Solar,NXVD300
Solar,NXVD301
Solar,NXVD302
Solar,NXVD303
Solar,NXVD304
Solar,NXVD305
Solar,NXVD306
Solar,NXVD307
Solar,NXVD317
Solar,NXVD318
Solar,NXVD319
Solar,NXVD320
Solar,NXVD321
Solar,NXVD322
Solar,NXVD324
Solar,NXVD325
Solar,NXVD326
Solar,NXVD327
Solar,NXVD328
Solar,NXVD329
Solar,NXVD330
Solar,NXVD331
Solar,NXVD332
Solar,NXVD333
Solar,NXVD334
Solar,NXVD335
Solar,NXVD336
Solar,NXVD337
Solar,NXVD338
Solar,NXVD339
Solar,NXVD340
Solar,NXVD341
Solar,NXVD342
Solar,NXVD343
Solar,NXVD344
Solar,NXVD345
Solar,NXVD349
Solar,NXVD350
Solar,NXVD351
Solar,NXVD352
Solar,NXVD353
Solar,NXVD354
Solar,NXVD355
Solar,NXVD356
Solar,NXVD357
Solar,NXVD358
Solar,NXVD359
Solar,NXVD360
Solar,NXVD361
Solar,NXVD362
Solar,NXVD363
Solar,NXVD364
Solar,NXVD365
Solar,NXVD366
Solar,NXVD367
Solar,NXVD368
Solar,NXVD369
Solar,NXVD370
Solar,NXVD371
Solar,NXVD372
Solar,NXVD373
Solar,NXVD374
Solar,NXVD375
Solar,NXVD376
Solar,NXVD377
Solar,NXVD378
Solar,NXVD379
Solar,NXVD380
Solar,NXVD381
Solar,NXVD382
Solar,NXVD383
Solar,NXVD384
Solar,NXVD385
Solar,NXVD386
Solar,NXVD387
Solar,NXVD389
Solar,NXVD390
Solar,NXVD391
Solar,NXVD392
Solar,NXVD393
Solar,NXVD394
Solar,NXVD395
Solar,NXVD396
Solar,NXVD398
Solar,NXVD399
Solar,NXVD400
Solar,NXVD401
Solar,NXVD402
Solar,NXVD403
Solar,NXVD404
Solar,NXVD405
Solar,NXVD406
Solar,NXVD407
Solar,NXVD408
Solar,NXVD409
Solar,NXVD410
Solar,NXVD411
Solar,NXVD412
Solar,NXVD413
Solar,NXVD414
Solar,NXVD415
Solar,NXVD416
Solar,NXVD417
Solar,OPPRE01
Solar,RIVRE01
Solar,RSEVD01
Solar,RSEVD02
Solar,RSPVD02
Solar,RSPVD03
Solar,SECRE01
Solar,SECRE02
Solar,SECRE04
Solar,SESVD07
Solar,SESVD13
Solar,SHEVD01
Solar,SHEVD02
Solar,SHEVD03
Solar,SHEVD04
Solar,SHEVD05
Solar,SHEVD06
Solar,SHEVD07
Solar,SHEVD08
Solar,SHEVD09
Solar,SHEVD10
Solar,SHEVD11
Solar,SHEVD12
Solar,SHEVD13
Solar,SHEVD14
Solar,SHEVD15
Solar,SHEVD16
Solar,SHEVD17
Solar,SHEVD18
Solar,SHEVD19
Solar,SHEVD20
Solar,SHEVD21
Solar,SHEVD22
Solar,SHEVD23
Solar,SHEVD24
Solar,SHEVD25
Solar,SHEVD26
Solar,SHEVD27
Solar,SHEVD28
Solar,SIMPVD1
Solar,SOERE01
Solar,SOERE05
Solar,SOMRE02
Solar,SOMRE04
Solar,SOMRE05
Solar,TERRE01
Solar,TOTRE01
Solar,TOTRE02
Solar,TSRRE01
Solar,VGERE34
Solar,VGERE35
Solar,VGERE43
Solar,VGERE44
Solar,VGERE50
Solar,VIERE01
Solar,VIRRE01
Solar,VIRRE02
Solar,VTERE01
Solar,WATRE02
Solar,WATRE03
Solar,WATRE04
Solar,WATRE05
Solar,WATRE06
Solar,WATRE07
Solar,WATRE08
Solar,WATRE09
Solar,WATRE10
Solar,WATRE11
Solar,WATRE12
Solar,WATRE13
Solar,WATRE14
Solar,WATRE15
Solar,WATRE16
Solar,WATRE17
Solar,WMARVD1
Solar,WMVD155
Solar,WMVD166
Solar,WMVD206
Solar,WMVD209
Solar,WMVD210
Solar,WMVD211
Solar,ZRMRE01
Solar,ZRMRE03
